SMF,smf_path,bin,bin_path
JR2000_00.smf,CStoRS_Data/MDL/JR2000_00.smf,JR2000.bin,CStoRS001/JR2000.bin
JR2000_01.smf,CStoRS_Data/MDL/JR2000_01.smf,JR2000_01.bin,CStoRS001/JR2000_01.bin
JR2000_02.smf,CStoRS_Data/MDL/JR2000_02.smf,JR2000_02.bin,CStoRS001/JR2000_02.bin
JR2000_03.smf,CStoRS_Data/MDL/JR2000_03.smf,JR2000_03.bin,CStoRS001/JR2000_03.bin
H2000_Track.smf,DenD_RS_Data/MDL/H2000_Track.smf,-,-
H2000_Track_N.smf,DenD_RS_Data/MDL/H2000_Track_N.smf,-,-
KIN_ST00_L8.smf,CStoRS_Data/MDL/KIN_ST00_L8.smf,-,-
KIN_NARA.smf,CStoRS_Data/MDL/KIN_NARA.smf,Kin_Nara_St.bin,CStoRS_Data/Kin_Nara_St.bin
KIN_1Rail_CHIKA25.smf,CStoRS_Data/MDL/KIN_1Rail_CHIKA25.smf,-,-
KIN_1Rail_CHIKA50.smf,CStoRS_Data/MDL/KIN_1Rail_CHIKA50.smf,-,-
KIN_1Rail_CHIKA100.smf,CStoRS_Data/MDL/KIN_1Rail_CHIKA100.smf,-,-
SINGLE_KASEN_25.smf,CStoRS_Data/MDL/SINGLE_KASEN_25.smf,-,-
SINGLE_KASEN_50.smf,CStoRS_Data/MDL/SINGLE_KASEN_50.smf,-,-
SINGLE_KASEN_100.smf,CStoRS_Data/MDL/SINGLE_KASEN_100.smf,-,-
SINGLE_KASEN_150.smf,CStoRS_Data/MDL/SINGLE_KASEN_150.smf,-,-
DEBUG_RAIL_DIR.smf,CStoRS_Data/MDL/DEBUG_RAIL_DIR.smf,DEBUG_DIR.bin,CStoRS_Data/DEBUG_DIR.bin
DEBUG_RAIL_POS.smf,CStoRS_Data/MDL/DEBUG_RAIL_POS.smf,DEBUG_DIR.bin,CStoRS_Data/DEBUG_DIR.bin
DEBUG_RAIL_STOP.smf,CStoRS_Data/MDL/DEBUG_RAIL_STOP.smf,DEBUG_DIR.bin,CStoRS_Data/DEBUG_DIR.bin
KIN_2Rail_CHIKA100_00.smf,CStoRS_Data/MDL/KIN_2Rail_CHIKA100_00.smf,-,-
KIN_2Rail_150.smf,CStoRS_Data/MDL/KIN_2Rail_150.smf,-,-
KIN_2Rail_100.smf,CStoRS_Data/MDL/KIN_2Rail_100.smf,-,-
KIN_2Rail_50.smf,CStoRS_Data/MDL/KIN_2Rail_50.smf,-,-
KIN_2Rail_25.smf,CStoRS_Data/MDL/KIN_2Rail_25.smf,-,-
KIN_2Rail_Taimen32.smf,CStoRS_Data/MDL/KIN_2Rail_Taimen32.smf,-,-
KIN_2Rail_Taimen8.smf,CStoRS_Data/MDL/KIN_2Rail_Taimen8.smf,-,-
KIN_2Rail_Humikiri60.smf,CStoRS_Data/MDL/KIN_2Rail_Humikiri60.smf,Humikiri60.bin,CStoRS001/Humikiri60.bin
Tarbin.smf,CStoRS_Data/MDL/Tarbin.smf,-,-
JR2000_SMOKE_B.smf,CStoRS_Data/MDL/JR2000_SMOKE_B.smf,-,-
KIN_CHIKA_AMB_PAUL.smf,CStoRS_Data/MDL/KIN_CHIKA_AMB_PAUL.smf,-,-
KIN_CHIKA_AMB_LEFT.smf,CStoRS_Data/MDL/KIN_CHIKA_AMB_LEFT.smf,-,-
KIN_CHIKA_AMB_RIGHT.smf,CStoRS_Data/MDL/KIN_CHIKA_AMB_RIGHT.smf,-,-
KIN_ST00_UD.smf,CStoRS_Data/MDL/KIN_ST00_UD.smf,-,-
2Rail_AMB_KONKURI.smf,CStoRS_Data/MDL/2Rail_AMB_KONKURI.smf,-,-
D3_SKYDOOM.smf,CStoRS_Data/MDL/D3_SKYDOOM.smf,-,-
D3_SKYDOOM_Snow.smf,CStoRS001/MDL/D3_SKYDOOM_Snow.smf,-,-
AMB_MANSYON_S.smf,CStoRS_Data/MDL/AMB_MANSYON_S.smf,-,-
AMB_MANSYON_M.smf,CStoRS_Data/MDL/AMB_MANSYON_M.smf,-,-
AMB_MANSYON_M2.smf,CStoRS_Data/MDL/AMB_MANSYON_M2.smf,-,-
AMB_MANSYON_L.smf,CStoRS_Data/MDL/AMB_MANSYON_L.smf,-,-
AMB_HAUSE00.smf,CStoRS_Data/MDL/AMB_HAUSE00.smf,-,-
AMB_HAUSE01.smf,CStoRS_Data/MDL/AMB_HAUSE01.smf,-,-
AMB_HAUSE02.smf,CStoRS_Data/MDL/AMB_HAUSE02.smf,-,-
AMB_LIGHT.smf,CStoRS_Data/MDL/AMB_LIGHT.smf,AMB_LIGHT.bin,Patch_4th_0/AMB_LIGHT.bin
AMB_POST_OFFICE.smf,CStoRS_Data/MDL/AMB_POST_OFFICE.smf,-,-
SIGNAL_CHIKA.smf,CStoRS_Data/MDL/SIGNAL_CHIKA.smf,-,-
AMB_APART00.smf,CStoRS_Data/MDL/AMB_APART00.smf,-,-
AMB_APART01.smf,CStoRS_Data/MDL/AMB_APART01.smf,-,-
AMB_DANCHI00.smf,CStoRS_Data/MDL/AMB_DANCHI00.smf,-,-
AMB_SIGNAL.smf,CStoRS_Data/MDL/AMB_SIGNAL.smf,KOUSATEN.bin,CStoRS_Data/KOUSATEN.bin
AMB_MANSYON_KONBINI.smf,CStoRS_Data/MDL/AMB_MANSYON_KONBINI.smf,-,-
AMB_LOWSUN.smf,CStoRS_Data/MDL/AMB_LOWSUN.smf,-,-
AMB_FAMIMA.smf,CStoRS_Data/MDL/AMB_FAMIMA.smf,-,-
CAM_LIGHT.smf,CStoRS_Data/MDL/CAM_LIGHT.smf,-,-
AMB_HOME_LIGHT.smf,CStoRS_Data/MDL/AMB_HOME_LIGHT.smf,-,-
AMB_HOME1.smf,CStoRS_Data/MDL/AMB_HOME1.smf,-,-
AMB_HOME2.smf,CStoRS_Data/MDL/AMB_HOME2.smf,-,-
AMB_HOME3.smf,CStoRS_Data/MDL/AMB_HOME3.smf,-,-
AMB_HOME_YANE1.smf,CStoRS_Data/MDL/AMB_HOME_YANE1.smf,-,-
AMB_HOME_YANE2.smf,CStoRS_Data/MDL/AMB_HOME_YANE2.smf,-,-
AMB_HOME_YANE3.smf,CStoRS_Data/MDL/AMB_HOME_YANE3.smf,-,-
H2000_00.smf,CStoRS_Data/MDL/H2000_00.smf,H2000_00.bin,DenD_RS_Data/H2000_00.bin
H2000_01.smf,CStoRS_Data/MDL/H2000_01.smf,H2000_01.bin,DenD_RS_Data/H2000_01.bin
KIN_1Rail_25.smf,CStoRS_Data/MDL/KIN_1Rail_25.smf,-,-
KIN_1Rail_50.smf,CStoRS_Data/MDL/KIN_1Rail_50.smf,-,-
KIN_1Rail_100.smf,CStoRS_Data/MDL/KIN_1Rail_100.smf,-,-
KIN_1Rail_150.smf,CStoRS_Data/MDL/KIN_1Rail_150.smf,-,-
AMB_HOME1_CENTER.smf,CStoRS_Data/MDL/AMB_HOME1_CENTER.smf,-,-
AMB_HOME2_CENTER.smf,CStoRS_Data/MDL/AMB_HOME2_CENTER.smf,-,-
AMB_HOME3_CENTER.smf,CStoRS_Data/MDL/AMB_HOME3_CENTER.smf,-,-
AMB_LANDBRIDGE.smf,CStoRS_Data/MDL/AMB_LANDBRIDGE.smf,AMB_LANDBRIDGH.bin,Patch_4th_0/AMB_LANDBRIDGH.bin
AMB_LANDBRIDGE01.smf,CStoRS_Data/MDL/AMB_LANDBRIDGE01.smf,-,-
2Rail_Tonnele.smf,CStoRS_Data/MDL/2Rail_Tonnele.smf,-,-
KIN_2Rail_Humikiri25.smf,CStoRS_Data/MDL/KIN_2Rail_Humikiri25.smf,Humikiri25.bin,CStoRS001/Humikiri25.bin
AMB_HOME_YANE1_CENTER.smf,CStoRS_Data/MDL/AMB_HOME_YANE1_CENTER.smf,-,-
AMB_HOME_YANE2_CENTER.smf,CStoRS_Data/MDL/AMB_HOME_YANE2_CENTER.smf,-,-
AMB_HOME_YANE3_CENTER.smf,CStoRS_Data/MDL/AMB_HOME_YANE3_CENTER.smf,-,-
AMB_HOME_LIGHT_CENTER.smf,CStoRS_Data/MDL/AMB_HOME_LIGHT_CENTER.smf,-,-
KIN_4Rail_150.smf,CStoRS_Data/MDL/KIN_4Rail_150.smf,-,-
KIN_2Rail_CHIKA100_01.smf,CStoRS_Data/MDL/KIN_2Rail_CHIKA100_01.smf,-,-
KIN_2Rail_CHIKA100_02.smf,CStoRS_Data/MDL/KIN_2Rail_CHIKA100_02.smf,-,-
AMB_HOME_CHIKA.smf,-,-,-
AMB_HOME_CHIKA2.smf,-,-,-
AMB_HOME_CHIKA3.smf,-,-,-
AMB_HOME_YANE1_CENTER_KQ.smf,CStoRS_Data/MDL/AMB_HOME_YANE1_CENTER_KQ.smf,-,-
AMB_HOME_YANE2_CENTER_KQ.smf,CStoRS_Data/MDL/AMB_HOME_YANE2_CENTER_KQ.smf,-,-
AMB_SIDE_YANE.smf,CStoRS_Data/MDL/AMB_SIDE_YANE.smf,-,-
AMB_JARI_KIN.smf,CStoRS_Data/MDL/AMB_JARI_KIN.smf,-,-
AMB_BLOCK.smf,CStoRS_Data/MDL/AMB_BLOCK.smf,-,-
AMB_SAKU.smf,CStoRS_Data/MDL/AMB_SAKU.smf,-,-
AMB_DOTE.smf,CStoRS_Data/MDL/AMB_DOTE.smf,-,-
AMB_TREE.smf,CStoRS_Data/MDL/AMB_TREE.smf,-,-
AMB_DOTE_KONKURI.smf,CStoRS_Data/MDL/AMB_DOTE_KONKURI.smf,-,-
AMB_ST_UP.smf,CStoRS001/MDL/AMB_ST_UP.smf,-,-
AMB_ST_UP_S.smf,CStoRS000/MDL/AMB_ST_UP_S.smf,-,-
AMB_TREES.smf,CStoRS_Data/MDL/AMB_TREES.smf,-,-
AMB_CHIKA_OUT.smf,CStoRS_Data/MDL/AMB_CHIKA_OUT.smf,-,-
AMB_TONNELE_OUT.smf,CStoRS_Data/MDL/AMB_TONNELE_OUT.smf,-,-
AMB_KIN_1Rail100.smf,CStoRS_Data/MDL/AMB_KIN_1Rail100.smf,-,-
AMB_KIN_1Rail50.smf,CStoRS_Data/MDL/AMB_KIN_1Rail50.smf,-,-
AMB_KIN_2Rail100.smf,CStoRS_Data/MDL/AMB_KIN_2Rail100.smf,-,-
AMB_KIN_2Rail50.smf,CStoRS_Data/MDL/AMB_KIN_2Rail50.smf,-,-
KIN_2Rail_150_Wall.smf,CStoRS_Data/MDL/KIN_2Rail_150_Wall.smf,-,-
KIN_2Rail_100_Wall.smf,CStoRS_Data/MDL/KIN_2Rail_100_Wall.smf,-,-
KIN_2Rail_50_Wall.smf,CStoRS_Data/MDL/KIN_2Rail_50_Wall.smf,-,-
KIN_2Rail_Bridge50.smf,CStoRS_Data/MDL/KIN_2Rail_Bridge50.smf,-,-
KASENCHU_KIN00.smf,CStoRS_Data/MDL/KASENCHU_KIN00.smf,-,-
KASENCHU_KIN01.smf,CStoRS_Data/MDL/KASENCHU_KIN01.smf,-,-
AMB_KASENCHU.smf,CStoRS_Data/MDL/AMB_KASENCHU.smf,-,-
K8000_00.smf,CStoRS_Data/MDL/K8000_00.smf,K8000_00.bin,Patch_4th_2/K8000_00.bin
K8000_01.smf,CStoRS_Data/MDL/K8000_01.smf,K8000_01.bin,Patch_4th_2/K8000_01.bin
K8000_02.smf,CStoRS_Data/MDL/K8000_02.smf,K8000_02.bin,Patch_4th_2/K8000_02.bin
K8000_Track.smf,DenD_RS_Data/MDL/K8000_Track.smf,-,-
K8000_Track_N.smf,DenD_RS_Data/MDL/K8000_Track_N.smf,-,-
K8000_PANTA00.smf,CStoRS_Data/MDL/K8000_PANTA00.smf,-,-
K8000_PANTA01.smf,CStoRS_Data/MDL/K8000_PANTA01.smf,-,-
H2000_PANTA00.smf,CStoRS_Data/MDL/H2000_PANTA00.smf,PANTA_FAN6.bin,CStoRS_Data/PANTA_FAN6.bin
H2000_PANTA01.smf,CStoRS_Data/MDL/H2000_PANTA01.smf,PANTA_FAN6.bin,CStoRS_Data/PANTA_FAN6.bin
JR223_00.smf,CStoRS_Data/MDL/JR223_00.smf,JR223_00.bin,Patch_4th_2/JR223_00.bin
JR223_01.smf,CStoRS_Data/MDL/JR223_01.smf,JR223_01.bin,Patch_4th_2/JR223_01.bin
JR223_PANTA00.smf,CStoRS_Data/MDL/JR223_PANTA00.smf,-,-
D3_1BOOK.smf,CStoRS_Data/MDL/D3_1BOOK.smf,D3_1BOOK.bin,CStoRS_Data/D3_1BOOK.bin
D3_2BOOK.smf,CStoRS_Data/MDL/D3_2BOOK.smf,D3_2BOOK.bin,CStoRS_Data/D3_2BOOK.bin
D4_2BOOK.smf,DenD_RS_Data/MDL/D4_2BOOK.smf,D4_2BOOK.bin,DenD_RS_Data/D4_2BOOK.bin
MENU01.smf,CStoRS_Data/MDL/MENU01.smf,-,-
MENU02.smf,CStoRS_Data/MDL/MENU02.smf,-,-
MENU03.smf,CStoRS_Data/MDL/MENU03.smf,-,-
MENU04.smf,CStoRS_Data/MDL/MENU04.smf,-,-
MENU05.smf,CStoRS_Data/MDL/MENU05.smf,-,-
TOB_2Rail_TRAS00.smf,DenD_RS_Data/MDL/TOB_2Rail_TRAS00.smf,-,-
KQ_2RAIL_ROKUGOUKYORYO.smf,CStoRS_Data/MDL/KQ_2RAIL_ROKUGOUKYORYO.smf,-,-
KQ2199_00.smf,CStoRS001/MDL/KQ2199_00.smf,KQ2199_00.bin,Patch_4th_2/KQ2199_00.bin
AMB_LIGHT_STREET.smf,CStoRS_Data/MDL/AMB_LIGHT_STREET.smf,AMB_LANDBRIDGH.bin,Patch_4th_0/AMB_LANDBRIDGH.bin
H8200_00.smf,CStoRS_Data/MDL/H8200_00.smf,H8200_00.bin,DenD_RS_Data/H8200_00.bin
H8200_PANTA00.smf,CStoRS_Data/MDL/H8200_PANTA00.smf,PANTA_FAN8.bin,CStoRS_Data/PANTA_FAN8.bin
H8200_PANTA01.smf,CStoRS_Data/MDL/H8200_PANTA01.smf,PANTA_FAN8.bin,CStoRS_Data/PANTA_FAN8.bin
H2800_00.smf,CStoRS_Data/MDL/H2800_00.smf,H2800_00.bin,Patch_4th_2/H2800_00.bin
H2800_PANTA00.smf,CStoRS_Data/MDL/H2800_PANTA00.smf,PANTA_FAN6.bin,CStoRS_Data/PANTA_FAN6.bin
H2800_01.smf,CStoRS_Data/MDL/H2800_01.smf,H2000_01.bin,DenD_RS_Data/H2000_01.bin
KASENCHU_KQ00.smf,CStoRS_Data/MDL/KASENCHU_KQ00.smf,-,-
KASENCHU_KQ01.smf,CStoRS_Data/MDL/KASENCHU_KQ01.smf,-,-
HT_2Rail_100.smf,CStoRS_Data/MDL/HT_2Rail_100.smf,-,-
HT_2Rail_100_Wall.smf,CStoRS_Data/MDL/HT_2Rail_100_Wall.smf,-,-
HT_2Rail_50.smf,CStoRS_Data/MDL/HT_2Rail_50.smf,-,-
HT_2Rail_50_Wall.smf,CStoRS_Data/MDL/HT_2Rail_50_Wall.smf,-,-
HT_2Rail_25.smf,CStoRS_Data/MDL/HT_2Rail_25.smf,-,-
JR2000_Track_Low2.smf,DenD_RS_Data/MDL/JR2000_Track_Low2.smf,JR2000_Track_Low2.bin,CStoRS_Data/JR2000_Track_Low2.bin
JR2000_Track_Low_N.smf,DenD_RS_Data/MDL/JR2000_Track_Low_N.smf,JR2000_Track_Low2.bin,CStoRS_Data/JR2000_Track_Low2.bin
SNOW_CYLINDER.smf,CStoRS001/MDL/SNOW_CYLINDER.smf,-,-
AMB_HOME_DOOR.smf,CStoRS_Data/MDL/AMB_HOME_DOOR.smf,-,-
KQ21XX_00.smf,CStoRS001/MDL/KQ21XX_00.smf,KQ21XX_00.bin,Patch_4th_2/KQ21XX_00.bin
KQ_1Rail_Yoko50.smf,CStoRS_Data/MDL/KQ_1Rail_Yoko50.smf,-,-
1Rail_Bridge50_NoBanister.smf,CStoRS_Data/MDL/1Rail_Bridge50_NoBanister.smf,-,-
1Rail_Bridge50_NoBanister.smf,CStoRS_Data/MDL/1Rail_Bridge50_NoBanister.smf,-,-
MEI_1RAIL_Bridge50_NoBanister.smf,DenD_RS_Data/MDL/MEI_1RAIL_Bridge50_NoBanister.smf,-,-
TOB_1Rail_BRIDGE00.smf,DenD_RS_Data/MDL/TOB_1Rail_BRIDGE00.smf,-,-
AMB_HUMIKIRI_ROAD_25.smf,CStoRS_Data/MDL/AMB_HUMIKIRI_ROAD_25.smf,-,-
AMB_HUMIKIRI_ROAD_25_WOOD.smf,CStoRS_Data/MDL/AMB_HUMIKIRI_ROAD_25_WOOD.smf,-,-
AMB_MONORAIL.smf,CStoRS_Data/MDL/AMB_MONORAIL.smf,-,-
AMB_RAIL_KOUJI.smf,CStoRS_Data/MDL/AMB_RAIL_KOUJI.smf,-,-
K2100_Track.smf,DenD_RS_Data/MDL/K2100_Track.smf,-,-
K2100_Track_N.smf,DenD_RS_Data/MDL/K2100_Track_N.smf,-,-
ICON_BOX.smf,CStoRS_Data/MDL/ICON_BOX.smf,-,-
D3_BOOK.smf,CStoRS_Data/MDL/D3_BOOK.smf,-,-
ICON_BTL.smf,CStoRS_Data/MDL/ICON_BTL.smf,-,-
ICON_MUSIUM.smf,CStoRS_Data/MDL/ICON_MUSIUM.smf,-,-
ICON_OPTION.smf,CStoRS_Data/MDL/ICON_OPTION.smf,-,-
ICON_PRACTICE.smf,CStoRS_Data/MDL/ICON_PRACTICE.smf,-,-
ICON_EXIT.smf,CStoRS_Data/MDL/ICON_EXIT.smf,-,-
CHAR_SEL_CHAR.smf,CStoRS_Data/MDL/CHAR_SEL_CHAR.smf,-,-
AMB_BILL00.smf,CStoRS_Data/MDL/AMB_BILL00.smf,-,-
AMB_HYO_ST.smf,CStoRS_Data/MDL/AMB_HYO_ST.smf,-,-
AMB_BLACK_BOX.smf,CStoRS_Data/MDL/AMB_BLACK_BOX.smf,-,-
KIN_2Rail_50_Kawachi.smf,CStoRS_Data/MDL/KIN_2Rail_50_Kawachi.smf,-,-
KIN_2Rail_100_Kawachi.smf,CStoRS_Data/MDL/KIN_2Rail_100_Kawachi.smf,-,-
KIN_2Rail_150_Kawachi.smf,CStoRS_Data/MDL/KIN_2Rail_150_Kawachi.smf,-,-
KIN_1RAIL_25_Wall.smf,CStoRS_Data/MDL/KIN_1RAIL_25_Wall.smf,-,-
KIN_1RAIL_50_Wall.smf,CStoRS_Data/MDL/KIN_1RAIL_50_Wall.smf,-,-
KIN_1RAIL_100_Wall.smf,CStoRS_Data/MDL/KIN_1RAIL_100_Wall.smf,-,-
KIN_1RAIL_150_Wall.smf,CStoRS_Data/MDL/KIN_1RAIL_150_Wall.smf,-,-
KASENCHU_KIN02.smf,CStoRS_Data/MDL/KASENCHU_KIN02.smf,-,-
KASENCHU_KIN03.smf,CStoRS_Data/MDL/KASENCHU_KIN03.smf,-,-
KASENCHU_KIN04.smf,CStoRS_Data/MDL/KASENCHU_KIN04.smf,-,-
SIGNAL_NORM.smf,CStoRS_Data/MDL/SIGNAL_NORM.smf,-,-
SIGNAL_2CHUKEI.smf,CStoRS_Data/MDL/SIGNAL_2CHUKEI.smf,-,-
AMB_HOME1_CHIKA.smf,CStoRS_Data/MDL/AMB_HOME1_CHIKA.smf,-,-
AMB_HOME2_CHIKA.smf,CStoRS_Data/MDL/AMB_HOME2_CHIKA.smf,-,-
AMB_HOME3_CHIKA.smf,CStoRS_Data/MDL/AMB_HOME3_CHIKA.smf,-,-
AMB_HOME_HASHIRA.smf,CStoRS_Data/MDL/AMB_HOME_HASHIRA.smf,-,-
AMB_HOME_CHIKA_RYOUMEN.smf,CStoRS_Data/MDL/AMB_HOME_CHIKA_RYOUMEN.smf,-,-
KIN_2Rail_CHIKA100_03.smf,CStoRS_Data/MDL/KIN_2Rail_CHIKA100_03.smf,-,-
AMB_POINTRAIL_25_CHIKA.smf,CStoRS_Data/MDL/AMB_POINTRAIL_25_CHIKA.smf,-,-
AMB_POINTRAILONLY.smf,CStoRS_Data/MDL/AMB_POINTRAILONLY.smf,-,-
AMB_RAIL_25_CHIKA.smf,CStoRS_Data/MDL/AMB_RAIL_25_CHIKA.smf,-,-
AMB_POINTRAILGARD.smf,CStoRS_Data/MDL/AMB_POINTRAILGARD.smf,-,-
KIN_EVENT_KASEN.smf,CStoRS_Data/MDL/KIN_EVENT_KASEN.smf,-,-
AMB_JARI_KIN_L_WALL.smf,CStoRS_Data/MDL/AMB_JARI_KIN_L_WALL.smf,-,-
AMB_JARI_KIN_R_WALL.smf,CStoRS_Data/MDL/AMB_JARI_KIN_R_WALL.smf,-,-
HEJO.smf,CStoRS_Data/MDL/HEJO.smf,-,-
KQ21XX_01.smf,CStoRS_Data/MDL/KQ21XX_01.smf,KQ21XX_01.bin,Patch_4th_2/KQ21XX_01.bin
KQ2199_01.smf,CStoRS003/MDL/KQ2199_01.smf,KQ21XX_01.bin,Patch_4th_2/KQ21XX_01.bin
SIN_2RAIL_150.smf,CStoRS_Data/MDL/SIN_2RAIL_150.smf,-,-
SIN_2RAIL_100.smf,CStoRS_Data/MDL/SIN_2RAIL_100.smf,-,-
SIN_2RAIL_50.smf,CStoRS_Data/MDL/SIN_2RAIL_50.smf,-,-
SIN_2RAIL_25.smf,CStoRS_Data/MDL/SIN_2RAIL_25.smf,-,-
SIN_1RAIL_25.smf,CStoRS_Data/MDL/SIN_1RAIL_25.smf,-,-
SIN_1RAIL_50.smf,CStoRS_Data/MDL/SIN_1RAIL_50.smf,-,-
SIN_1RAIL_100.smf,CStoRS_Data/MDL/SIN_1RAIL_100.smf,-,-
SIN_1RAIL_150.smf,CStoRS_Data/MDL/SIN_1RAIL_150.smf,-,-
UV_D3_00.smf,CStoRS007/MDL/UV_D3_00.smf,UV_00.bin,CStoRS001/UV_00.bin
UV_D3_01.smf,CStoRS_Data/MDL/UV_D3_01.smf,UV_01.bin,CStoRS001/UV_01.bin
UV_Track.smf,DenD_RS_Data/MDL/UV_Track.smf,-,-
UV_Track_N.smf,DenD_RS_Data/MDL/UV_Track_N.smf,-,-
K800_00.smf,CStoRS004/MDL/K800_00.smf,K800_00.bin,Patch_4th_2/K800_00.bin
K800_01.smf,CStoRS_Data/MDL/K800_01.smf,K800_01.bin,Patch_4th_2/K800_01.bin
K800_Track.smf,DenD_RS_Data/MDL/K800_Track.smf,-,-
K800_Track_Nalow.smf,DenD_RS_Data/MDL/K800_Track_Nalow.smf,-,-
Rapid_00.smf,CStoRS_Data/MDL/Rapid_00.smf,Rapid_00.bin,DenD_RS_Data/Rapid_00.bin
Rapid_01.smf,CStoRS_Data/MDL/Rapid_01.smf,Rapid_01.bin,DenD_RS_Data/Rapid_01.bin
Rapid_PANTA00.smf,CStoRS_Data/MDL/Rapid_PANTA00.smf,-,-
Rapid_PANTA01.smf,CStoRS_Data/MDL/Rapid_PANTA01.smf,-,-
HQ_1Rail_25.smf,CStoRS_Data/MDL/HQ_1Rail_25.smf,-,-
HQ_1Rail_50.smf,CStoRS_Data/MDL/HQ_1Rail_50.smf,-,-
HQ_1Rail_100.smf,CStoRS_Data/MDL/HQ_1Rail_100.smf,-,-
HQ_1Rail_150.smf,CStoRS_Data/MDL/HQ_1Rail_150.smf,-,-
HQ_2Rail_150.smf,CStoRS_Data/MDL/HQ_2Rail_150.smf,-,-
HQ_2Rail_100.smf,CStoRS_Data/MDL/HQ_2Rail_100.smf,-,-
HQ_2Rail_50.smf,CStoRS_Data/MDL/HQ_2Rail_50.smf,-,-
HQ_2Rail_25.smf,CStoRS_Data/MDL/HQ_2Rail_25.smf,-,-
HQ_2Rail_150_Wall.smf,CStoRS_Data/MDL/HQ_2Rail_150_Wall.smf,-,-
HQ_2Rail_100_Wall.smf,CStoRS_Data/MDL/HQ_2Rail_100_Wall.smf,-,-
HQ_2Rail_50_Wall.smf,CStoRS_Data/MDL/HQ_2Rail_50_Wall.smf,-,-
HQ_2Rail_Humikiri60.smf,CStoRS_Data/MDL/HQ_2Rail_Humikiri60.smf,Humikiri60.bin,CStoRS001/Humikiri60.bin
HQ_2Rail_Humikiri25.smf,CStoRS_Data/MDL/HQ_2Rail_Humikiri25.smf,Humikiri25.bin,CStoRS001/Humikiri25.bin
2Rail_Bridge50_NoBanister.smf,CStoRS_Data/MDL/2Rail_Bridge50_NoBanister.smf,-,-
HQ_2Rail_Bridge50.smf,CStoRS_Data/MDL/HQ_2Rail_Bridge50.smf,-,-
AMB_RANKAN.smf,CStoRS_Data/MDL/AMB_RANKAN.smf,-,-
HQ_2Rail_Bridgh_Miman.smf,CStoRS_Data/MDL/HQ_2Rail_Bridgh_Miman.smf,-,-
AMB_MIKAGE_Bridge.smf,CStoRS_Data/MDL/AMB_MIKAGE_Bridge.smf,-,-
AMB_R_KONKURI.smf,CStoRS_Data/MDL/AMB_R_KONKURI.smf,-,-
AMB_L_KONKURI.smf,CStoRS_Data/MDL/AMB_L_KONKURI.smf,-,-
AMB_ROKKO.smf,CStoRS000/MDL/AMB_ROKKO.smf,-,-
AMB_ST_KAIDAN_YANE.smf,CStoRS_Data/MDL/AMB_ST_KAIDAN_YANE.smf,-,-
AMB_RAIL_BLOCK.smf,CStoRS_Data/MDL/AMB_RAIL_BLOCK.smf,-,-
AMB_SYAKO.smf,CStoRS_Data/MDL/AMB_SYAKO.smf,-,-
AMB_MOUNT1.smf,CStoRS_Data/MDL/AMB_MOUNT1.smf,-,-
AMB_MOUNT3.smf,CStoRS_Data/MDL/AMB_MOUNT3.smf,-,-
AMB_HQ_1Rail100.smf,CStoRS_Data/MDL/AMB_HQ_1Rail100.smf,-,-
AMB_HQ_1Rail50.smf,CStoRS_Data/MDL/AMB_HQ_1Rail50.smf,-,-
H8008_00_D3.smf,CStoRS_Data/MDL/H8008_00_D3.smf,H8008_00.bin,Patch_4th_2/H8008_00.bin
H8008_01_D3.smf,CStoRS_Data/MDL/H8008_01_D3.smf,H8008_01.bin,Patch_4th_2/H8008_01.bin
SIN_2RAIL_Humikiri25.smf,CStoRS_Data/MDL/SIN_2RAIL_Humikiri25.smf,Humikiri25.bin,CStoRS001/Humikiri25.bin
SIN_1RAIL_25_Humikiri.smf,CStoRS_Data/MDL/SIN_1RAIL_25_Humikiri.smf,1RailHumikiri25.bin,DenD_RS_Data/1RailHumikiri25.bin
SIN_2RAIL_CHIKA_100.smf,CStoRS_Data/MDL/SIN_2RAIL_CHIKA_100.smf,-,-
SIN_1RAIL_25_Humikiri_No.smf,CStoRS_Data/MDL/SIN_1RAIL_25_Humikiri_No.smf,-,-
SIN_1RAIL_150_Tonnele.smf,CStoRS_Data/MDL/SIN_1RAIL_150_Tonnele.smf,-,-
SIN_1RAIL_Bridge50_NoBanister.smf,CStoRS_Data/MDL/SIN_1RAIL_Bridge50_NoBanister.smf,-,-
SIN_1RAIL_150_Jimen.smf,CStoRS_Data/MDL/SIN_1RAIL_150_Jimen.smf,-,-
SIN_1RAIL_100_Jimen.smf,CStoRS_Data/MDL/SIN_1RAIL_100_Jimen.smf,-,-
SIN_1RAIL_50_Jimen.smf,CStoRS_Data/MDL/SIN_1RAIL_50_Jimen.smf,-,-
SIN_1RAIL_25_Jimen.smf,CStoRS_Data/MDL/SIN_1RAIL_25_Jimen.smf,-,-
SIN_1RAIL_25_CHIKA.smf,CStoRS_Data/MDL/SIN_1RAIL_25_CHIKA.smf,-,-
SIN_1RAIL_50_CHIKA.smf,CStoRS_Data/MDL/SIN_1RAIL_50_CHIKA.smf,-,-
SIN_1RAIL_100_CHIKA.smf,CStoRS_Data/MDL/SIN_1RAIL_100_CHIKA.smf,-,-
AMB_SIN_JARI.smf,CStoRS_Data/MDL/AMB_SIN_JARI.smf,-,-
SIN_2Rail_150_Wall.smf,CStoRS_Data/MDL/SIN_2Rail_150_Wall.smf,-,-
SIN_2Rail_100_Wall.smf,CStoRS_Data/MDL/SIN_2Rail_100_Wall.smf,-,-
AMB_SIN_1Rail100.smf,CStoRS_Data/MDL/AMB_SIN_1Rail100.smf,-,-
HT_1Rail_25.smf,CStoRS_Data/MDL/HT_1Rail_25.smf,-,-
HT_1Rail_50.smf,CStoRS_Data/MDL/HT_1Rail_50.smf,-,-
HT_1Rail_100.smf,CStoRS_Data/MDL/HT_1Rail_100.smf,-,-
HT_1Rail_50_Wall.smf,CStoRS_Data/MDL/HT_1Rail_50_Wall.smf,-,-
AMB_HT_1Rail50.smf,CStoRS_Data/MDL/AMB_HT_1Rail50.smf,-,-
AMB_HT_1Rail100.smf,CStoRS_Data/MDL/AMB_HT_1Rail100.smf,-,-
AMB_HT_Jari.smf,CStoRS_Data/MDL/AMB_HT_Jari.smf,-,-
AMB_HT_Jari_L_Wall.smf,CStoRS_Data/MDL/AMB_HT_Jari_L_Wall.smf,-,-
AMB_HT_Jari_R_Wall.smf,CStoRS_Data/MDL/AMB_HT_Jari_R_Wall.smf,-,-
HT_2Rail_Bridge.smf,CStoRS_Data/MDL/HT_2Rail_Bridge.smf,-,-
HT_2Rail_BridgeMiman.smf,CStoRS_Data/MDL/HT_2Rail_BridgeMiman.smf,-,-
HT_2Rail_Humikiri25.smf,CStoRS_Data/MDL/HT_2Rail_Humikiri25.smf,Humikiri25.bin,CStoRS001/Humikiri25.bin
HT_2Rail_Konkuri25.smf,CStoRS_Data/MDL/HT_2Rail_Konkuri25.smf,-,-
HT_2Rail_Konkuri50.smf,CStoRS_Data/MDL/HT_2Rail_Konkuri50.smf,-,-
HT_2Rail_Konkuri100.smf,CStoRS_Data/MDL/HT_2Rail_Konkuri100.smf,-,-
AMB_HT_L_Konkuri100.smf,CStoRS_Data/MDL/AMB_HT_L_Konkuri100.smf,-,-
AMB_HT_R_Konkuri100.smf,CStoRS_Data/MDL/AMB_HT_R_Konkuri100.smf,-,-
AMB_HT_L_Konkuri50.smf,CStoRS_Data/MDL/AMB_HT_L_Konkuri50.smf,-,-
AMB_HT_R_Konkuri50.smf,CStoRS_Data/MDL/AMB_HT_R_Konkuri50.smf,-,-
AMB_KASENCHU_TOYO.smf,CStoRS_Data/MDL/AMB_KASENCHU_TOYO.smf,-,-
KQ_TONNNEL_100.smf,CStoRS_Data/MDL/KQ_TONNNEL_100.smf,-,-
KQ_TONNNEL_150.smf,CStoRS_Data/MDL/KQ_TONNNEL_150.smf,-,-
AMB_TONNNEL_IN.smf,CStoRS_Data/MDL/AMB_TONNNEL_IN.smf,-,-
AMB_DOTE_TREE_L.smf,CStoRS_Data/MDL/AMB_DOTE_TREE_L.smf,-,-
AMB_DOTE_TREE_R.smf,CStoRS_Data/MDL/AMB_DOTE_TREE_R.smf,-,-
AMB_CHIKA_HOME_TENJO.smf,CStoRS_Data/MDL/AMB_CHIKA_HOME_TENJO.smf,-,-
AMB_CHIKA_HOME_KAIDAN.smf,CStoRS_Data/MDL/AMB_CHIKA_HOME_KAIDAN.smf,-,-
AMB_HODOKYO.smf,CStoRS_Data/MDL/AMB_HODOKYO.smf,-,-
AMB_RAIL_WAKU.smf,CStoRS_Data/MDL/AMB_RAIL_WAKU.smf,-,-
AMB_LANDBRIDGE02.smf,CStoRS_Data/MDL/AMB_LANDBRIDGE02.smf,-,-
SIN_2Rail_BridgeMiman.smf,CStoRS_Data/MDL/SIN_2Rail_BridgeMiman.smf,-,-
SIN_2RAIL_TONNNEL.smf,CStoRS_Data/MDL/SIN_2RAIL_TONNNEL.smf,-,-
SIN_2RAIL_Bridge.smf,CStoRS_Data/MDL/SIN_2RAIL_Bridge.smf,-,-
AMB_IN_00.smf,CStoRS_Data/MDL/AMB_IN_00.smf,-,-
AMB_JARI_SIN_L_WALL.smf,CStoRS_Data/MDL/AMB_JARI_SIN_L_WALL.smf,-,-
AMB_JARI_SIN_R_WALL.smf,CStoRS_Data/MDL/AMB_JARI_SIN_R_WALL.smf,-,-
AMB_1Rail_TonnneleIn.smf,CStoRS_Data/MDL/AMB_1Rail_TonnneleIn.smf,-,-
AMB_KAMATA100.smf,CStoRS000/MDL/AMB_KAMATA100.smf,-,-
AMB_KASENCHU_KQ00.smf,CStoRS000/MDL/AMB_KASENCHU_KQ00.smf,-,-
KASENCHU_KQ_1Rail.smf,CStoRS000/MDL/KASENCHU_KQ_1Rail.smf,-,-
AMB_KAMATA100_TENJO.smf,CStoRS000/MDL/AMB_KAMATA100_TENJO.smf,-,-
AMB_HT_ST00.smf,CStoRS001/MDL/AMB_HT_ST00.smf,-,-
AMB_HT_ST01.smf,CStoRS001/MDL/AMB_HT_ST01.smf,-,-
AMB_ST_YANE_IRON.smf,CStoRS001/MDL/AMB_ST_YANE_IRON.smf,-,-
AMB_IRONCHU.smf,CStoRS001/MDL/AMB_IRONCHU.smf,-,-
AMB_YODO00.smf,CStoRS001/MDL/AMB_YODO00.smf,-,-
AMB_YODO01.smf,CStoRS001/MDL/AMB_YODO01.smf,-,-
NK_4Rail.smf,CStoRS001/MDL/NK_4Rail.smf,-,-
AMB_1Rail_Bridge.smf,CStoRS001/MDL/AMB_1Rail_Bridge.smf,-,-
NK_2Rail_100.smf,CStoRS001/MDL/NK_2Rail_100.smf,-,-
NK_2Rail_50.smf,CStoRS001/MDL/NK_2Rail_50.smf,-,-
NK_2Rail_25.smf,CStoRS001/MDL/NK_2Rail_25.smf,-,-
NK_2Rail_100_Wall.smf,CStoRS001/MDL/NK_2Rail_100_Wall.smf,-,-
NK_1Rail_100_Jimen.smf,CStoRS001/MDL/NK_1Rail_100_Jimen.smf,-,-
NK_1Rail_50_Jimen.smf,CStoRS001/MDL/NK_1Rail_50_Jimen.smf,-,-
NK_1Rail_25_Jimen.smf,CStoRS001/MDL/NK_1Rail_25_Jimen.smf,-,-
NK_Humikiri_25.smf,CStoRS001/MDL/NK_Humikiri_25.smf,Humikiri25.bin,CStoRS001/Humikiri25.bin
NK_2Rail_Bridge_Miman.smf,CStoRS001/MDL/NK_2Rail_Bridge_Miman.smf,-,-
NK_1Rail_Tras.smf,CStoRS001/MDL/NK_1Rail_Tras.smf,-,-
TOB_1Rail_Tras.smf,DenD_RS_Data/MDL/TOB_1Rail_Tras.smf,-,-
NK_2Rail_Humikiri60.smf,CStoRS001/MDL/NK_2Rail_Humikiri60.smf,Humikiri60.bin,CStoRS001/Humikiri60.bin
NK_1Rail_Humikiri25_No.smf,CStoRS001/MDL/NK_1Rail_Humikiri25_No.smf,-,-
NK_1Rail_Humikiri25.smf,CStoRS001/MDL/NK_1Rail_Humikiri25.smf,1RailHumikiri25.bin,DenD_RS_Data/1RailHumikiri25.bin
NK_2Rail_Konkuri100.smf,CStoRS001/MDL/NK_2Rail_Konkuri100.smf,-,-
NK_1Rail_100_Wall.smf,CStoRS001/MDL/NK_1Rail_100_Wall.smf,-,-
NK_1Rail_50_Wall.smf,CStoRS001/MDL/NK_1Rail_50_Wall.smf,-,-
NK_1Rail_25_Wall.smf,CStoRS001/MDL/NK_1Rail_25_Wall.smf,-,-
NK_KANKU_BRIDGE.smf,CStoRS001/MDL/NK_KANKU_BRIDGE.smf,KANKU_BRIDGE.bin,CStoRS001/KANKU_BRIDGE.bin
AMB_RINKU_SIDE.smf,CStoRS001/MDL/AMB_RINKU_SIDE.smf,-,-
AMB_RINKU_YANE.smf,CStoRS001/MDL/AMB_RINKU_YANE.smf,-,-
AMB_RINKU_IRON.smf,CStoRS001/MDL/AMB_RINKU_IRON.smf,-,-
AMB_IZM_O2_SIDE.smf,CStoRS001/MDL/AMB_IZM_O2_SIDE.smf,-,-
AMB_IZM_O2_YANE.smf,CStoRS001/MDL/AMB_IZM_O2_YANE.smf,-,-
AMB_IZM_O2_HASHIRA.smf,CStoRS001/MDL/AMB_IZM_O2_HASHIRA.smf,-,-
AMB_NK_LORD.smf,CStoRS001/MDL/AMB_NK_LORD.smf,-,-
AMB_NK_LORD_L.smf,CStoRS001/MDL/AMB_NK_LORD_L.smf,AMB_NK_ROAD_L.bin,Patch_4th_0/AMB_NK_ROAD_L.bin
AMB_NK_LORD_KANBAN.smf,CStoRS001/MDL/AMB_NK_LORD_KANBAN.smf,-,-
AMB_NK_LORD_HASHIRA.smf,CStoRS001/MDL/AMB_NK_LORD_HASHIRA.smf,-,-
AMB_NK_LORD_HASHIRA2.smf,CStoRS001/MDL/AMB_NK_LORD_HASHIRA2.smf,-,-
AMB_TOYO_1Rail.smf,CStoRS001/MDL/AMB_TOYO_1Rail.smf,-,-
AMB_RAIL_UNDER.smf,CStoRS001/MDL/AMB_RAIL_UNDER.smf,-,-
AMB_2x2x2_Box.smf,CStoRS001/MDL/AMB_2x2x2_Box.smf,COL_BOX.bin,CStoRS001/COL_BOX.bin
AMB_SNOW.smf,CStoRS001/MDL/AMB_SNOW.smf,-,-
AMB_SNOW_GROUND.smf,CStoRS_Data/MDL/AMB_SNOW_GROUND.smf,-,-
SIGNAL_NORM_AMB.smf,CStoRS001/MDL/SIGNAL_NORM_AMB.smf,SIGNAL_AMB_BLUE.bin,Patch_4th_0/SIGNAL_AMB_BLUE.bin
SIGNAL_NORM_AMB2.smf,CStoRS001/MDL/SIGNAL_NORM_AMB2.smf,SIGNAL_AMB_2BLUE.bin,CStoRS001/SIGNAL_AMB_2BLUE.bin
SIGNAL_RED_AMB.smf,CStoRS001/MDL/SIGNAL_RED_AMB.smf,SIGNAL_AMB_RED.bin,Patch_4th_0/SIGNAL_AMB_RED.bin
SIGNAL_Y_AMB.smf,CStoRS001/MDL/SIGNAL_Y_AMB.smf,SIGNAL_AMB_Y.bin,Patch_4th_0/SIGNAL_AMB_Y.bin
VERUP_SCENE.smf,CStoRS001/MDL/VERUP_SCENE.smf,-,-
HT_1Rail_Konkuri100.smf,CStoRS_Data/MDL/HT_1Rail_Konkuri100.smf,-,-
HT_1Rail_Konkuri50.smf,CStoRS_Data/MDL/HT_1Rail_Konkuri50.smf,-,-
HT_1Rail_Konkuri25.smf,CStoRS_Data/MDL/HT_1Rail_Konkuri25.smf,-,-
HS9000_00.smf,CStoRS002/MDL/HS9000_00.smf,HS9000_00.bin,Patch_4th_2/HS9000_00.bin
HS9000_01.smf,CStoRS002/MDL/HS9000_01.smf,HS9000_01.bin,Patch_4th_2/HS9000_01.bin
HS9000_PANTA.smf,CStoRS002/MDL/HS9000_PANTA.smf,-,-
H7001_00.smf,CStoRS002/MDL/H7001_00.smf,H7001_00.bin,Patch_4th_2/H7001_00.bin
H7001_01.smf,CStoRS002/MDL/H7001_01.smf,H7001_01.bin,Patch_4th_2/H7001_01.bin
K80_00.smf,CStoRS003/MDL/K80_00.smf,K80_00.bin,Patch_4th_2/K80_00.bin
K80_PANTA.smf,CStoRS003/MDL/K80_PANTA.smf,-,-
K80_PANTA_B.smf,CStoRS003/MDL/K80_PANTA_B.smf,-,-
KQ_PANTA.smf,CStoRS003/MDL/KQ_PANTA.smf,PANTA_FAN1.bin,CStoRS_Data/PANTA_FAN1.bin
KQ_N_PANTA.smf,CStoRS003/MDL/KQ_N_PANTA.smf,PANTA_FAN1.bin,CStoRS_Data/PANTA_FAN1.bin
KQ_YANE00.smf,CStoRS003/MDL/KQ_YANE00.smf,PANTA_FAN1.bin,CStoRS_Data/PANTA_FAN1.bin
KQ_YANE01.smf,CStoRS003/MDL/KQ_YANE01.smf,PANTA_FAN1.bin,CStoRS_Data/PANTA_FAN1.bin
MEI_2Rail_150.smf,DenD_RS_Data/MDL/MEI_2Rail_150.smf,-,-
MEI_2Rail_Konkuri100.smf,DenD_RS_Data/MDL/MEI_2Rail_Konkuri100.smf,-,-
MEI_2Rail_100.smf,DenD_RS_Data/MDL/MEI_2Rail_100.smf,-,-
MEI_2Rail_50.smf,DenD_RS_Data/MDL/MEI_2Rail_50.smf,-,-
MEI_2Rail_25.smf,DenD_RS_Data/MDL/MEI_2Rail_25.smf,-,-
MEI_1Rail_25.smf,DenD_RS_Data/MDL/MEI_1Rail_25.smf,-,-
MEI_1Rail_50.smf,DenD_RS_Data/MDL/MEI_1Rail_50.smf,-,-
MEI_1Rail_100.smf,DenD_RS_Data/MDL/MEI_1Rail_100.smf,-,-
TOB_1Rail_100.smf,Patch_4th_0/MDL/TOB_1Rail_100.smf,-,-
TOB_1Rail_25G.smf,DenD_RS_Data/MDL/TOB_1Rail_25G.smf,-,-
TOB_1Rail_50G.smf,DenD_RS_Data/MDL/TOB_1Rail_50G.smf,-,-
TOB_1Rail_100G.smf,DenD_RS_Data/MDL/TOB_1Rail_100G.smf,-,-
TOB_1Rail_50Wall.smf,DenD_RS_Data/MDL/TOB_1Rail_50Wall.smf,-,-
TOB_1Rail_100Wall.smf,DenD_RS_Data/MDL/TOB_1Rail_100Wall.smf,-,-
MEI_2Rail_Bridge50_NoBanister.smf,DenD_RS_Data/MDL/MEI_2Rail_Bridge50_NoBanister.smf,-,-
MEI_2RAIL_Humikiri12_5_WOOD.smf,DenD_RS_Data/MDL/MEI_2RAIL_Humikiri12_5_WOOD.smf,-,-
SINGLE_KASEN_12_5.smf,DenD_RS_Data/MDL/SINGLE_KASEN_12_5.smf,-,-
MEI_2RAIL_Humikiri25.smf,-,Humikiri25.bin,CStoRS001/Humikiri25.bin
MEI_2Rail_Bridge12_5_NoBanister.smf,DenD_RS_Data/MDL/MEI_2Rail_Bridge12_5_NoBanister.smf,-,-
MEI_2RAIL_100_Wall.smf,DenD_RS_Data/MDL/MEI_2RAIL_100_Wall.smf,-,-
MEI_2RAIL_150_Wall.smf,DenD_RS_Data/MDL/MEI_2RAIL_150_Wall.smf,-,-
MEI_2Rail_Kisogawa.smf,DenD_RS_Data/MDL/MEI_2Rail_Kisogawa.smf,-,-
PANO_0.smf,DenD_RS_Data/MDL/PANO_0.smf,PANO_0.bin,DenD_RS_Data/PANO_0.bin
TOBU50K_0.smf,DenD_RS_Data/MDL/TOBU50K_0.smf,TOBU50K_0.bin,Patch_4th_1/TOBU50K_0.bin
TOBU50K_1.smf,DenD_RS_Data/MDL/TOBU50K_1.smf,TOBU50K_1.bin,DenD_RS_Data/TOBU50K_1.bin
PANO_1.smf,DenD_RS_Data/MDL/PANO_1.smf,PANO_1.bin,DenD_RS_Data/PANO_1.bin
PANO_2.smf,DenD_RS_Data/MDL/PANO_2.smf,PANO_2.bin,DenD_RS_Data/PANO_2.bin
PANO_PANTA.smf,DenD_RS_Data/MDL/PANO_PANTA.smf,PANTA_FAN2.bin,DenD_RS_Data/PANTA_FAN2.bin
PANO_PANTA1.smf,DenD_RS_Data/MDL/PANO_PANTA1.smf,PANTA_FAN2.bin,DenD_RS_Data/PANTA_FAN2.bin
AMB_MEI_HOME1.smf,DenD_RS_Data/MDL/AMB_MEI_HOME1.smf,-,-
AMB_MEI_HOME2.smf,DenD_RS_Data/MDL/AMB_MEI_HOME2.smf,-,-
AMB_MEI_HOME3.smf,DenD_RS_Data/MDL/AMB_MEI_HOME3.smf,-,-
D4_SKY.smf,DenD_RS_Data/MDL/D4_SKY.smf,-,-
AMB_MEI_CENTERHOME1.smf,DenD_RS_Data/MDL/AMB_MEI_CENTERHOME1.smf,-,-
AMB_MEI_CENTERHOME2.smf,DenD_RS_Data/MDL/AMB_MEI_CENTERHOME2.smf,-,-
AMB_MEI_CENTERHOME3.smf,DenD_RS_Data/MDL/AMB_MEI_CENTERHOME3.smf,-,-
AMB_MEI_CENTER_YANE0.smf,DenD_RS_Data/MDL/AMB_MEI_CENTER_YANE0.smf,-,-
AMB_4RAIL.smf,DenD_RS_Data/MDL/AMB_4RAIL.smf,-,-
AMB_4RAIL_CHU.smf,DenD_RS_Data/MDL/AMB_4RAIL_CHU.smf,-,-
MEI_KASENCHU00.smf,DenD_RS_Data/MDL/MEI_KASENCHU00.smf,-,-
MEI_KASENCHU01.smf,DenD_RS_Data/MDL/MEI_KASENCHU01.smf,-,-
AMB_KASENCHU_MEI00.smf,DenD_RS_Data/MDL/AMB_KASENCHU_MEI00.smf,-,-
MEI_2Rail_50_Humikiri.smf,DenD_RS_Data/MDL/MEI_2Rail_50_Humikiri.smf,Mei_Humikiri50.bin,DenD_RS_Data/Mei_Humikiri50.bin
AMB_MEI_HUMIKIRI.smf,DenD_RS_Data/MDL/AMB_MEI_HUMIKIRI.smf,-,-
AMB_MEI_HUMIKIRI_ONLY.smf,DenD_RS_Data/MDL/AMB_MEI_HUMIKIRI_ONLY.smf,-,-
AMB_HOME_KAIDAN.smf,DenD_RS_Data/MDL/AMB_HOME_KAIDAN.smf,-,-
AMB_SYADANKI_MEI.smf,DenD_RS_Data/MDL/AMB_SYADANKI_MEI.smf,Syadanki_Mei.bin,DenD_RS_Data/Syadanki_Mei.bin
AMB_LIGHT_D4.smf,DenD_RS_Data/MDL/AMB_LIGHT_D4.smf,AMB_LIGHT_D4.bin,Patch_4th_0/AMB_LIGHT_D4.bin
CAM_LIGHT_D4.smf,DenD_RS_Data/MDL/CAM_LIGHT_D4.smf,-,-
AMB_HIGHBILL_00.smf,DenD_RS_Data/MDL/AMB_HIGHBILL_00.smf,AMB_HIGHBILL_00.bin,DenD_RS_Data/AMB_HIGHBILL_00.bin
AMB_SMOAL.smf,DenD_RS_Data/MDL/AMB_SMOAL.smf,-,-
AMB_PARKING.smf,DenD_RS_Data/MDL/AMB_PARKING.smf,-,-
AMB_NORM_BILL.smf,DenD_RS_Data/MDL/AMB_NORM_BILL.smf,-,-
H2000_Track_LowD4.smf,DenD_RS_Data/MDL/H2000_Track_LowD4.smf,-,-
H2000_Track_D4.smf,-,-,-
AMB_KODATE_D4_00.smf,DenD_RS_Data/MDL/AMB_KODATE_D4_00.smf,-,-
AMB_KODATE_D4_01.smf,DenD_RS_Data/MDL/AMB_KODATE_D4_01.smf,-,-
AMB_KODATE_D4_02.smf,DenD_RS_Data/MDL/AMB_KODATE_D4_02.smf,-,-
AMB_KODATE_D4_03.smf,DenD_RS_Data/MDL/AMB_KODATE_D4_03.smf,-,-
AMB_KODATE_D4_04.smf,DenD_RS_Data/MDL/AMB_KODATE_D4_04.smf,-,-
AMB_KODATE_D4_05.smf,DenD_RS_Data/MDL/AMB_KODATE_D4_05.smf,-,-
AMB_DENCHU00.smf,DenD_RS_Data/MDL/AMB_DENCHU00.smf,-,-
AMB_STUP_D4_00.smf,DenD_RS_Data/MDL/AMB_STUP_D4_00.smf,-,-
AMB_STUP_D4_01.smf,DenD_RS_Data/MDL/AMB_STUP_D4_01.smf,-,-
AMB_KISO_IRON.smf,DenD_RS_Data/MDL/AMB_KISO_IRON.smf,-,-
AMB_MANSYON_D4_L.smf,DenD_RS_Data/MDL/AMB_MANSYON_D4_L.smf,-,-
AMB_KUI00.smf,DenD_RS_Data/MDL/AMB_KUI00.smf,-,-
AMB_KONKURI_CHU.smf,DenD_RS_Data/MDL/AMB_KONKURI_CHU.smf,-,-
AMB_ICHI_UP.smf,DenD_RS_Data/MDL/AMB_ICHI_UP.smf,-,-
TRACK_FIRE_L.smf,DenD_RS_Data/MDL/TRACK_FIRE_L.smf,-,-
TRACK_FIRE_R.smf,DenD_RS_Data/MDL/TRACK_FIRE_R.smf,-,-
AMB_KONKURI_YOKO.smf,DenD_RS_Data/MDL/AMB_KONKURI_YOKO.smf,-,-
AMB_ST_KAIDAN_D4.smf,DenD_RS_Data/MDL/AMB_ST_KAIDAN_D4.smf,-,-
AMB_MEI_HOME_S00.smf,DenD_RS_Data/MDL/AMB_MEI_HOME_S00.smf,-,-
AMB_MEI_HOME_S01.smf,DenD_RS_Data/MDL/AMB_MEI_HOME_S01.smf,-,-
AMB_MEI_HOME_S02.smf,DenD_RS_Data/MDL/AMB_MEI_HOME_S02.smf,-,-
AMB_MEI_YANE00.smf,DenD_RS_Data/MDL/AMB_MEI_YANE00.smf,-,-
AMB_MEI_YANE01.smf,DenD_RS_Data/MDL/AMB_MEI_YANE01.smf,-,-
AMB_ST_CHU.smf,DenD_RS_Data/MDL/AMB_ST_CHU.smf,-,-
AMB_MEI_TENJO.smf,DenD_RS_Data/MDL/AMB_MEI_TENJO.smf,-,-
AMB_MEI_BENCHI.smf,DenD_RS_Data/MDL/AMB_MEI_BENCHI.smf,-,-
AMB_MACHI.smf,DenD_RS_Data/MDL/AMB_MACHI.smf,-,-
AMB_HOME_ELE.smf,DenD_RS_Data/MDL/AMB_HOME_ELE.smf,-,-
AMB_ST_2CHU.smf,DenD_RS_Data/MDL/AMB_ST_2CHU.smf,-,-
AMB_MEI_INFO.smf,DenD_RS_Data/MDL/AMB_MEI_INFO.smf,-,-
AMB_CENTERHOME_KAIDAN.smf,DenD_RS_Data/MDL/AMB_CENTERHOME_KAIDAN.smf,AMB_ES_HOME.bin,DenD_RS_Data/AMB_ES_HOME.bin
AMB_BK_KASENCHU.smf,DenD_RS_Data/MDL/AMB_BK_KASENCHU.smf,-,-
AMB_BK_KASENCHU2.smf,DenD_RS_Data/MDL/AMB_BK_KASENCHU2.smf,-,-
AMB_1RAIL_BASE100.smf,DenD_RS_Data/MDL/AMB_1RAIL_BASE100.smf,-,-
AMB_1RAIL_BASE50.smf,DenD_RS_Data/MDL/AMB_1RAIL_BASE50.smf,-,-
AMB_4RAIL_NORM.smf,DenD_RS_Data/MDL/AMB_4RAIL_NORM.smf,-,-
AMB_SIGNAL_1BLUE.smf,DenD_RS_Data/MDL/AMB_SIGNAL_1BLUE.smf,AMB_SIGNAL_1BLUE.bin,DenD_RS_Data/AMB_SIGNAL_1BLUE.bin
AMB_SIGNAL_Y_FLASH.smf,DenD_RS_Data/MDL/AMB_SIGNAL_Y_FLASH.smf,-,-
AMB_SIGNAL_GG.smf,DenD_RS_Data/MDL/AMB_SIGNAL_GG.smf,AMB_SIGNAL_GG.bin,DenD_RS_Data/AMB_SIGNAL_GG.bin
MEI_2Rail_Chika100.smf,DenD_RS_Data/MDL/MEI_2Rail_Chika100.smf,-,-
AMB_MEI_Chika_L.smf,DenD_RS_Data/MDL/AMB_MEI_Chika_L.smf,-,-
AMB_MEI_Chika_R.smf,DenD_RS_Data/MDL/AMB_MEI_Chika_R.smf,-,-
AMB_MEI_Chika_Hashira.smf,DenD_RS_Data/MDL/AMB_MEI_Chika_Hashira.smf,-,-
MEI_1RAIL_25_CHIKA.smf,DenD_RS_Data/MDL/MEI_1RAIL_25_CHIKA.smf,-,-
MEI_1RAIL_50_CHIKA.smf,DenD_RS_Data/MDL/MEI_1RAIL_50_CHIKA.smf,-,-
MEI_1RAIL_100_CHIKA.smf,DenD_RS_Data/MDL/MEI_1RAIL_100_CHIKA.smf,-,-
AMB_MEI_CHIKA_HOME1.smf,DenD_RS_Data/MDL/AMB_MEI_CHIKA_HOME1.smf,-,-
AMB_MEI_CHIKA_HOME2.smf,DenD_RS_Data/MDL/AMB_MEI_CHIKA_HOME2.smf,-,-
AMB_MEI_CHIKA_HOME3.smf,DenD_RS_Data/MDL/AMB_MEI_CHIKA_HOME3.smf,-,-
AMB_MEI_CHIKA_IN.smf,DenD_RS_Data/MDL/AMB_MEI_CHIKA_IN.smf,-,-
AMB_MEI_L_WALL.smf,DenD_RS_Data/MDL/AMB_MEI_L_WALL.smf,-,-
AMB_MEI_R_WALL.smf,DenD_RS_Data/MDL/AMB_MEI_R_WALL.smf,-,-
AMB_UEKOMI.smf,DenD_RS_Data/MDL/AMB_UEKOMI.smf,-,-
AMB_MEI_TENJO00.smf,DenD_RS_Data/MDL/AMB_MEI_TENJO00.smf,-,-
AMB_MEI_TENJO01.smf,DenD_RS_Data/MDL/AMB_MEI_TENJO01.smf,-,-
AMB_SILINDER_CHU.smf,DenD_RS_Data/MDL/AMB_SILINDER_CHU.smf,-,-
AMB_KAKU_CHU.smf,DenD_RS_Data/MDL/AMB_KAKU_CHU.smf,-,-
NANA_VS_SURU.smf,DenD_RS_Data/MDL/NANA_VS_SURU.smf,NANA_VS_SURU.bin,DenD_RS_Data/NANA_VS_SURU.bin
AMB_LIGHT_D4_4.smf,DenD_RS_Data/MDL/AMB_LIGHT_D4_4.smf,LIGHT_4.bin,Patch_4th_0/LIGHT_4.bin
AMB_LAND_BRIDGE_D4.smf,DenD_RS_Data/MDL/AMB_LAND_BRIDGE_D4.smf,LIGHT_4.bin,Patch_4th_0/LIGHT_4.bin
AMB_BK_CHU.smf,DenD_RS_Data/MDL/AMB_BK_CHU.smf,-,-
AMB_BK_IRON.smf,DenD_RS_Data/MDL/AMB_BK_IRON.smf,-,-
MEI_2Rail_Bridge50.smf,DenD_RS_Data/MDL/MEI_2Rail_Bridge50.smf,-,-
AMB_TREES_D4.smf,DenD_RS_Data/MDL/AMB_TREES_D4.smf,-,-
AMB_TREES2_D4.smf,DenD_RS_Data/MDL/AMB_TREES2_D4.smf,-,-
Mu2000_0.smf,DenD_RS_Data/MDL/Mu2000_0.smf,Mu2000_0.bin,Patch_4th_1/Mu2000_0.bin
Mu2000_1.smf,DenD_RS_Data/MDL/Mu2000_1.smf,Mu2000_1.bin,Patch_4th_1/Mu2000_1.bin
Mu2000_2.smf,DenD_RS_Data/MDL/Mu2000_2.smf,Mu2000_2.bin,Patch_4th_1/Mu2000_2.bin
K8000_Track_LowD4.smf,DenD_RS_Data/MDL/K8000_Track_LowD4.smf,-,-
K8000_Track_D4.smf,-,-,-
MuTrack_Low.smf,DenD_RS_Data/MDL/MuTrack_Low.smf,MuTrack_Low.bin,DenD_RS_Data/MuTrack_Low.bin
Mu_Track_D4.smf,-,MuTrack_Low.bin,DenD_RS_Data/MuTrack_Low.bin
KQ2100_Track_LowD4.smf,DenD_RS_Data/MDL/KQ2100_Track_LowD4.smf,-,-
KQ2100_Track_D4.smf,-,-,-
K800_Track_LowD4.smf,DenD_RS_Data/MDL/K800_Track_LowD4.smf,-,-
K800_Track_D4.smf,-,-,-
UV_Track_LowD4.smf,DenD_RS_Data/MDL/UV_Track_LowD4.smf,-,-
UV_Track_D4.smf,-,-,-
JR2000_Track_LowD4.smf,DenD_RS_Data/MDL/JR2000_Track_LowD4.smf,JR2000_Track_Low2.bin,CStoRS_Data/JR2000_Track_Low2.bin
JR2000_Track_D4.smf,-,JR2000_Track_Low2.bin,CStoRS_Data/JR2000_Track_Low2.bin
MEI_2Rail_25_Humikiri.smf,DenD_RS_Data/MDL/MEI_2Rail_25_Humikiri.smf,Mei_Humikiri25.bin,DenD_RS_Data/Mei_Humikiri25.bin
MEI_2Rail_Bridge18_75_NoBanister.smf,DenD_RS_Data/MDL/MEI_2Rail_Bridge18_75_NoBanister.smf,-,-
MEI_2Rail_Bridge50_NoBanister1.smf,DenD_RS_Data/MDL/MEI_2Rail_Bridge50_NoBanister1.smf,-,-
MEI_2Rail_Bridge50_NoBanister2.smf,DenD_RS_Data/MDL/MEI_2Rail_Bridge50_NoBanister2.smf,-,-
AMB_MEI_CENTER_YANE_GIFU.smf,DenD_RS_Data/MDL/AMB_MEI_CENTER_YANE_GIFU.smf,-,-
AMB_MEI_ST_NAME.smf,DenD_RS_Data/MDL/AMB_MEI_ST_NAME.smf,-,-
Mu_Panta.smf,DenD_RS_Data/MDL/Mu_Panta.smf,-,-
TOBU50K_Panta.smf,DenD_RS_Data/MDL/TOBU50K_Panta.smf,-,-
CLASH_MEI_KASENCHU.smf,DenD_RS_Data/MDL/CLASH_MEI_KASENCHU.smf,-,-
AMB_SIGNAL_WAIT_RED.smf,DenD_RS_Data/MDL/AMB_SIGNAL_WAIT_RED.smf,AMB_SIGNAL_WAIT_RED.bin,DenD_RS_Data/AMB_SIGNAL_WAIT_RED.bin
AMB_SIGNAL_WAIT_YE.smf,DenD_RS_Data/MDL/AMB_SIGNAL_WAIT_YE.smf,AMB_SIGNAL_WAIT_YE.bin,DenD_RS_Data/AMB_SIGNAL_WAIT_YE.bin
TOB_BRIDGE_KASENCHU0.smf,DenD_RS_Data/MDL/TOB_BRIDGE_KASENCHU0.smf,-,-
AMB_TOWN00.smf,DenD_RS_Data/MDL/AMB_TOWN00.smf,-,-
AMB_BILLS00.smf,DenD_RS_Data/MDL/AMB_BILLS00.smf,-,-
TOWN_LIGHT.smf,DenD_RS_Data/MDL/TOWN_LIGHT.smf,-,-
AMB_SENTREA_HOME.smf,DenD_RS_Data/MDL/AMB_SENTREA_HOME.smf,-,-
AMB_NAGOYA_WALL.smf,DenD_RS_Data/MDL/AMB_NAGOYA_WALL.smf,-,-
AMB_SENT_WALL.smf,DenD_RS_Data/MDL/AMB_SENT_WALL.smf,-,-
CHAR_SEL_CHAR_D4.smf,Patch_4th_2/MDL/CHAR_SEL_CHAR_D4.smf,-,-
D4_BOOK.smf,DenD_RS_Data/MDL/D4_BOOK.smf,-,-
T200_00.smf,DenD_RS_Data/MDL/T200_00.smf,T200_00.bin,Patch_4th_1/T200_00.bin
T200_01.smf,DenD_RS_Data/MDL/T200_01.smf,T200_01.bin,Patch_4th_1/T200_01.bin
T200_PANTA00.smf,DenD_RS_Data/MDL/T200_PANTA00.smf,PANTA_FAN6.bin,CStoRS_Data/PANTA_FAN6.bin
T200_PANTA01.smf,DenD_RS_Data/MDL/T200_PANTA01.smf,PANTA_FAN6.bin,CStoRS_Data/PANTA_FAN6.bin
T200_PANTA02.smf,DenD_RS_Data/MDL/T200_PANTA02.smf,PANTA_FAN6.bin,CStoRS_Data/PANTA_FAN6.bin
4Rail_Tobu00.smf,DenD_RS_Data/MDL/4Rail_Tobu00.smf,-,-
KASENCHU_4Rail_Tobu00.smf,DenD_RS_Data/MDL/KASENCHU_4Rail_Tobu00.smf,-,-
DRC_00.smf,DenD_RS_Data/MDL/DRC_00.smf,DRC_00.bin,Patch_4th_1/DRC_00.bin
DRC_PANTA00.smf,DenD_RS_Data/MDL/DRC_PANTA00.smf,PANTA_FAN6.bin,CStoRS_Data/PANTA_FAN6.bin
DRC_01.smf,DenD_RS_Data/MDL/DRC_01.smf,DRC_01.bin,DenD_RS_Data/DRC_01.bin
DRC_PANTA01.smf,DenD_RS_Data/MDL/DRC_PANTA01.smf,PANTA_FAN6.bin,CStoRS_Data/PANTA_FAN6.bin
DRC_PANTA02.smf,DenD_RS_Data/MDL/DRC_PANTA02.smf,PANTA_FAN6.bin,CStoRS_Data/PANTA_FAN6.bin
DRC_PANTA03.smf,DenD_RS_Data/MDL/DRC_PANTA03.smf,PANTA_FAN6.bin,CStoRS_Data/PANTA_FAN6.bin
MOB00.smf,DenD_RS_Data/MDL/MOB00.smf,-,-
MIKOSHI00.smf,DenD_RS_Data/MDL/MIKOSHI00.smf,-,-
MIKOSHI01.smf,DenD_RS_Data/MDL/MIKOSHI01.smf,-,-
MIKOSHI02.smf,DenD_RS_Data/MDL/MIKOSHI02.smf,-,-
MIKOSHI.smf,DenD_RS_Data/MDL/MIKOSHI.smf,-,-
M_MOB0.smf,DenD_RS_Data/MDL/M_MOB0.smf,-,-
M_MOB1.smf,DenD_RS_Data/MDL/M_MOB1.smf,-,-
M_MOB2.smf,DenD_RS_Data/MDL/M_MOB2.smf,-,-
M_MOB3.smf,DenD_RS_Data/MDL/M_MOB3.smf,-,-
M_MOB4.smf,DenD_RS_Data/MDL/M_MOB4.smf,-,-
M_MOB5.smf,DenD_RS_Data/MDL/M_MOB5.smf,-,-
sakura00.smf,DenD_RS_Data/MDL/sakura00.smf,-,-
AMB_TOB_JARI.smf,DenD_RS_Data/MDL/AMB_TOB_JARI.smf,-,-
AMB_JARI_MEI_L_WALL.smf,DenD_RS_Data/MDL/AMB_JARI_MEI_L_WALL.smf,-,-
AMB_JARI_MEI_R_WALL.smf,DenD_RS_Data/MDL/AMB_JARI_MEI_R_WALL.smf,-,-
AMB_JARI_TOB_L_WALL.smf,DenD_RS_Data/MDL/AMB_JARI_TOB_L_WALL.smf,-,-
AMB_JARI_TOB_R_WALL.smf,DenD_RS_Data/MDL/AMB_JARI_TOB_R_WALL.smf,-,-
MEI_1Rail_50Wall.smf,DenD_RS_Data/MDL/MEI_1Rail_50Wall.smf,-,-
MEI_1Rail_100Wall.smf,DenD_RS_Data/MDL/MEI_1Rail_100Wall.smf,-,-
TOB_2Rail_Bridge50_NoBanister2.smf,DenD_RS_Data/MDL/TOB_2Rail_Bridge50_NoBanister2.smf,-,-
TOB_2Rail_100.smf,DenD_RS_Data/MDL/TOB_2Rail_100.smf,-,-
TOB_2Rail_50.smf,DenD_RS_Data/MDL/TOB_2Rail_50.smf,-,-
TOB_2Rail_25.smf,DenD_RS_Data/MDL/TOB_2Rail_25.smf,-,-
TOB_2RAIL_100_Wall.smf,DenD_RS_Data/MDL/TOB_2RAIL_100_Wall.smf,-,-
TOB_2RAIL_150_Wall.smf,DenD_RS_Data/MDL/TOB_2RAIL_150_Wall.smf,-,-
TOB_2Rail_150.smf,DenD_RS_Data/MDL/TOB_2Rail_150.smf,-,-
TOB_2Rail_25_Humikiri.smf,DenD_RS_Data/MDL/TOB_2Rail_25_Humikiri.smf,Mei_Humikiri25.bin,DenD_RS_Data/Mei_Humikiri25.bin
TOB_2Rail_50_Humikiri.smf,DenD_RS_Data/MDL/TOB_2Rail_50_Humikiri.smf,Mei_Humikiri50.bin,DenD_RS_Data/Mei_Humikiri50.bin
TOB_ASAKUSA_BRIDGE50.smf,DenD_RS_Data/MDL/TOB_ASAKUSA_BRIDGE50.smf,ASAKUSA_BRIDGE.bin,DenD_RS_Data/ASAKUSA_BRIDGE.bin
KASENCHU_ASAKUSA.smf,DenD_RS_Data/MDL/KASENCHU_ASAKUSA.smf,-,-
TOB_2Rail_Rankan0_50.smf,DenD_RS_Data/MDL/TOB_2Rail_Rankan0_50.smf,-,-
TOB_2Rail_Rankan0_100.smf,DenD_RS_Data/MDL/TOB_2Rail_Rankan0_100.smf,-,-
TOB_2Rail_Rankan1_100.smf,DenD_RS_Data/MDL/TOB_2Rail_Rankan1_100.smf,-,-
KASENCHU_TOB_1RAIL_PIPE.smf,DenD_RS_Data/MDL/KASENCHU_TOB_1RAIL_PIPE.smf,-,-
KASENCHU_TOB_1RAIL.smf,DenD_RS_Data/MDL/KASENCHU_TOB_1RAIL.smf,-,-
AMB_TOBU_YANE_CENTER.smf,DenD_RS_Data/MDL/AMB_TOBU_YANE_CENTER.smf,-,-
MEI_2Rail_25_Humikiri_Col.smf,DenD_RS_Data/MDL/MEI_2Rail_25_Humikiri_Col.smf,Mei_Humikiri25_Col.bin,Patch_4th_0/Mei_Humikiri25_Col.bin
AMB_BILLS_LIGHT.smf,-,AMB_BILLS_LIGHT.bin,-
SKYTREE.smf,Patch_4th_0/MDL/SKYTREE.smf,-,-
KYOTO_TOWER.smf,Patch_4th_0/MDL/KYOTO_TOWER.smf,-,-
H2300_0.smf,Patch_4th_2/MDL/H2300_0.smf,H2300_00.bin,Patch_4th_2/H2300_00.bin
H2300_1.smf,Patch_4th_2/MDL/H2300_1.smf,H2300_01.bin,Patch_4th_2/H2300_01.bin
E233_0.smf,Patch_4th_4/MDL/E233_0.smf,E233_0.bin,Patch_4th_4/E233_0.bin
E233_1.smf,Patch_4th_4/MDL/E233_1.smf,E233_1.bin,Patch_4th_4/E233_1.bin
E233_Panta0.smf,Patch_4th_4/MDL/E233_Panta0.smf,-,-
E233_Panta1.smf,Patch_4th_4/MDL/E233_Panta1.smf,-,-
E233_Panta2.smf,Patch_4th_4/MDL/E233_Panta2.smf,-,-
H7011_0.smf,Patch_4th_4/MDL/H7011_0.smf,H7011_0.bin,Patch_4th_4/H7011_0.bin
H7011_1.smf,Patch_4th_4/MDL/H7011_1.smf,H7011_1.bin,Patch_4th_4/H7011_1.bin
H7011_PANTA0.smf,Patch_4th_4/MDL/H7011_PANTA0.smf,PANTA_FAN6.bin,CStoRS_Data/PANTA_FAN6.bin
TAKARA_ST_WALL0.smf,-,-,-
TAKARA_ST_WALL1.smf,-,-,-
HT_1RAIL50_KONKURI.smf,-,-,-
HT_1RAIL100_KONKURI.smf,-,-,-
HT_1RAIL25_KONKURI.smf,-,-,-
TAKARA_ST_CHU0.smf,-,-,-
TAKARA_IRON0.smf,-,-,-
TAKARA_ST_CHU1.smf,-,-,-
TAKARA_ST_HYO.smf,-,-,-
TAKARA_TENJO.smf,-,-,-
TAKARA_TENJO2.smf,-,-,-
TAKARA_2Rail_KONKURI100.smf,-,-,-
TAKARA_2Rail_KONKURI50.smf,-,-,-
YODO_TETU_0.smf,-,-,-
YODO_TETU_1.smf,-,-,-
AMB_KONKURI_L.smf,-,-,-
AMB_KONKURI_R.smf,-,-,-
TAKARA_2Rail_KONKURI_ONLY100.smf,-,-,-
HX200_0.smf,Patch_4th_4/MDL/HX200_0.smf,HX200_0.bin,Patch_4th_4/HX200_0.bin
HX200_1.smf,Patch_4th_4/MDL/HX200_1.smf,HX200_1.bin,Patch_4th_4/HX200_1.bin
HX200_2.smf,Patch_4th_4/MDL/HX200_2.smf,HX200_1.bin,Patch_4th_4/HX200_1.bin
Yu0.smf,-,Yu_0.bin,Patch_4th_4/Yu_0.bin
Yu_Track_D4.smf,-,-,-
Yu1.smf,-,Yu_1.bin,Patch_4th_4/Yu_1.bin
Yu2.smf,-,Yu_1.bin,Patch_4th_4/Yu_1.bin
Yu2Rail_100.smf,-,-,-
